product_key,product_name,category,subcategory,cost,last_sale_date,recency_in_months,product_obsolescence_status,lifetime_sales_tier,active_lifespan_tier,product_margin_segment,product_profit_volume_segment,purchase_frequency_tier,total_sales,total_quantity,total_orders,total_customers,lifespan_months,avg_selling_price,avg_order_revenue,avg_monthly_revenue,sales_2012,sales_2013,product_yoy_sales_growth_rate
1,HL Road Frame - Black- 58,Components,Road Frames,0,,,Dead Stock (Zero Lifetime Sales),Low-Performer (Lifetime),Unsold Catalog Item,No Sales Activity,Low Cash / Minor Contributor ($0-$5k),No Purchases,0,0,0,0,,,0,0,0,0,0
2,HL Road Frame - Red- 58,Components,Road Frames,0,,,Dead Stock (Zero Lifetime Sales),Low-Performer (Lifetime),Unsold Catalog Item,No Sales Activity,Low Cash / Minor Contributor ($0-$5k),No Purchases,0,0,0,0,,,0,0,0,0,0
3,Mountain-100 Black- 38,Bikes,Mountain Bikes,1898,27/12/2011,24,Obsolete / Dead Stock (12+ Months Inactive),High-Performer (Lifetime),Standard Run (7-12 Months Active),High Margin Driver (40%+),Massive Cash Generator (>$20k),Repeat Purchase,165375,49,49,49,11,3375,3375,13781.25,0,0,0
4,Mountain-100 Black- 42,Bikes,Mountain Bikes,1898,27/12/2011,24,Obsolete / Dead Stock (12+ Months Inactive),High-Performer (Lifetime),Standard Run (7-12 Months Active),High Margin Driver (40%+),Massive Cash Generator (>$20k),Repeat Purchase,151875,45,45,45,11,3375,3375,12656.25,0,0,0
5,Mountain-100 Black- 44,Bikes,Mountain Bikes,1898,21/12/2011,24,Obsolete / Dead Stock (12+ Months Inactive),High-Performer (Lifetime),Standard Run (7-12 Months Active),High Margin Driver (40%+),Massive Cash Generator (>$20k),Repeat Purchase,202500,60,60,60,11,3375,3375,16875,0,0,0
6,Mountain-100 Black- 48,Bikes,Mountain Bikes,1898,26/12/2011,24,Obsolete / Dead Stock (12+ Months Inactive),High-Performer (Lifetime),Standard Run (7-12 Months Active),High Margin Driver (40%+),Massive Cash Generator (>$20k),Repeat Purchase,192375,57,57,57,12,3375,3375,14798.08,0,0,0
7,Mountain-100 Silver- 38,Bikes,Mountain Bikes,1912,22/12/2011,24,Obsolete / Dead Stock (12+ Months Inactive),High-Performer (Lifetime),Standard Run (7-12 Months Active),High Margin Driver (40%+),Massive Cash Generator (>$20k),Repeat Purchase,197200,58,58,58,12,3400,3400,15169.23,0,0,0
8,Mountain-100 Silver- 42,Bikes,Mountain Bikes,1912,28/12/2011,24,Obsolete / Dead Stock (12+ Months Inactive),High-Performer (Lifetime),Standard Run (7-12 Months Active),High Margin Driver (40%+),Massive Cash Generator (>$20k),Repeat Purchase,142800,42,42,42,11,3400,3400,11900,0,0,0
9,Mountain-100 Silver- 44,Bikes,Mountain Bikes,1912,12/12/2011,24,Obsolete / Dead Stock (12+ Months Inactive),High-Performer (Lifetime),Standard Run (7-12 Months Active),High Margin Driver (40%+),Massive Cash Generator (>$20k),Repeat Purchase,166600,49,49,49,12,3400,3400,12815.38,0,0,0
10,Mountain-100 Silver- 48,Bikes,Mountain Bikes,1912,23/12/2011,24,Obsolete / Dead Stock (12+ Months Inactive),High-Performer (Lifetime),Standard Run (7-12 Months Active),High Margin Driver (40%+),Massive Cash Generator (>$20k),Repeat Purchase,122400,36,36,36,11,3400,3400,10200,0,0,0
11,Road-450 Red- 44,Bikes,Road Bikes,885,,,Dead Stock (Zero Lifetime Sales),Low-Performer (Lifetime),Unsold Catalog Item,No Sales Activity,Low Cash / Minor Contributor ($0-$5k),No Purchases,0,0,0,0,,,0,0,0,0,0
12,Road-450 Red- 48,Bikes,Road Bikes,885,,,Dead Stock (Zero Lifetime Sales),Low-Performer (Lifetime),Unsold Catalog Item,No Sales Activity,Low Cash / Minor Contributor ($0-$5k),No Purchases,0,0,0,0,,,0,0,0,0,0
13,Road-450 Red- 52,Bikes,Road Bikes,885,,,Dead Stock (Zero Lifetime Sales),Low-Performer (Lifetime),Unsold Catalog Item,No Sales Activity,Low Cash / Minor Contributor ($0-$5k),No Purchases,0,0,0,0,,,0,0,0,0,0
14,Road-450 Red- 58,Bikes,Road Bikes,885,,,Dead Stock (Zero Lifetime Sales),Low-Performer (Lifetime),Unsold Catalog Item,No Sales Activity,Low Cash / Minor Contributor ($0-$5k),No Purchases,0,0,0,0,,,0,0,0,0,0
15,Road-450 Red- 60,Bikes,Road Bikes,885,,,Dead Stock (Zero Lifetime Sales),Low-Performer (Lifetime),Unsold Catalog Item,No Sales Activity,Low Cash / Minor Contributor ($0-$5k),No Purchases,0,0,0,0,,,0,0,0,0,0
16,Road-150 Red- 44,Bikes,Road Bikes,2171,28/12/2011,24,Obsolete / Dead Stock (12+ Months Inactive),High-Performer (Lifetime),Standard Run (7-12 Months Active),Stable Margin Core (15%-40%),Massive Cash Generator (>$20k),Repeat Purchase,1005418,281,281,281,12,3578,3578,77339.85,0,0,0
17,Road-150 Red- 48,Bikes,Road Bikes,2171,28/12/2011,24,Obsolete / Dead Stock (12+ Months Inactive),High-Performer (Lifetime),Standard Run (7-12 Months Active),Stable Margin Core (15%-40%),Massive Cash Generator (>$20k),Repeat Purchase,1205786,337,337,337,12,3578,3578,92752.77,0,0,0
18,Road-150 Red- 52,Bikes,Road Bikes,2171,27/12/2011,24,Obsolete / Dead Stock (12+ Months Inactive),High-Performer (Lifetime),Standard Run (7-12 Months Active),Stable Margin Core (15%-40%),Massive Cash Generator (>$20k),Repeat Purchase,1080556,302,302,302,12,3578,3578,83119.69,0,0,0
19,Road-150 Red- 56,Bikes,Road Bikes,2171,27/12/2011,24,Obsolete / Dead Stock (12+ Months Inactive),High-Performer (Lifetime),Standard Run (7-12 Months Active),Stable Margin Core (15%-40%),Massive Cash Generator (>$20k),Repeat Purchase,1055510,295,295,295,12,3578,3578,81193.08,0,0,0
20,Road-150 Red- 62,Bikes,Road Bikes,2171,28/12/2011,24,Obsolete / Dead Stock (12+ Months Inactive),High-Performer (Lifetime),Standard Run (7-12 Months Active),Stable Margin Core (15%-40%),Massive Cash Generator (>$20k),Repeat Purchase,1202208,336,336,336,12,3578,3578,92477.54,0,0,0
21,HL Mountain Frame - Black- 44,Components,Mountain Frames,699,,,Dead Stock (Zero Lifetime Sales),Low-Performer (Lifetime),Unsold Catalog Item,No Sales Activity,Low Cash / Minor Contributor ($0-$5k),No Purchases,0,0,0,0,,,0,0,0,0,0
22,HL Mountain Frame - Black- 48,Components,Mountain Frames,699,,,Dead Stock (Zero Lifetime Sales),Low-Performer (Lifetime),Unsold Catalog Item,No Sales Activity,Low Cash / Minor Contributor ($0-$5k),No Purchases,0,0,0,0,,,0,0,0,0,0
23,HL Mountain Frame - Silver- 44,Components,Mountain Frames,707,,,Dead Stock (Zero Lifetime Sales),Low-Performer (Lifetime),Unsold Catalog Item,No Sales Activity,Low Cash / Minor Contributor ($0-$5k),No Purchases,0,0,0,0,,,0,0,0,0,0
24,HL Mountain Frame - Silver- 48,Components,Mountain Frames,707,,,Dead Stock (Zero Lifetime Sales),Low-Performer (Lifetime),Unsold Catalog Item,No Sales Activity,Low Cash / Minor Contributor ($0-$5k),No Purchases,0,0,0,0,,,0,0,0,0,0
25,ML Road Frame - Red- 44,Components,Road Frames,352,,,Dead Stock (Zero Lifetime Sales),Low-Performer (Lifetime),Unsold Catalog Item,No Sales Activity,Low Cash / Minor Contributor ($0-$5k),No Purchases,0,0,0,0,,,0,0,0,0,0
26,ML Road Frame - Red- 48,Components,Road Frames,352,,,Dead Stock (Zero Lifetime Sales),Low-Performer (Lifetime),Unsold Catalog Item,No Sales Activity,Low Cash / Minor Contributor ($0-$5k),No Purchases,0,0,0,0,,,0,0,0,0,0
27,ML Road Frame - Red- 52,Components,Road Frames,352,,,Dead Stock (Zero Lifetime Sales),Low-Performer (Lifetime),Unsold Catalog Item,No Sales Activity,Low Cash / Minor Contributor ($0-$5k),No Purchases,0,0,0,0,,,0,0,0,0,0
28,ML Road Frame - Red- 58,Components,Road Frames,352,,,Dead Stock (Zero Lifetime Sales),Low-Performer (Lifetime),Unsold Catalog Item,No Sales Activity,Low Cash / Minor Contributor ($0-$5k),No Purchases,0,0,0,0,,,0,0,0,0,0
29,ML Road Frame - Red- 60,Components,Road Frames,352,,,Dead Stock (Zero Lifetime Sales),Low-Performer (Lifetime),Unsold Catalog Item,No Sales Activity,Low Cash / Minor Contributor ($0-$5k),No Purchases,0,0,0,0,,,0,0,0,0,0
30,Mountain Bike Socks- L,Clothing,Socks,3,,,Dead Stock (Zero Lifetime Sales),Low-Performer (Lifetime),Unsold Catalog Item,No Sales Activity,Low Cash / Minor Contributor ($0-$5k),No Purchases,0,0,0,0,,,0,0,0,0,0
31,Mountain Bike Socks- M,Clothing,Socks,3,,,Dead Stock (Zero Lifetime Sales),Low-Performer (Lifetime),Unsold Catalog Item,No Sales Activity,Low Cash / Minor Contributor ($0-$5k),No Purchases,0,0,0,0,,,0,0,0,0,0
32,Mountain-300 Black- 38,Bikes,Mountain Bikes,598,,,Dead Stock (Zero Lifetime Sales),Low-Performer (Lifetime),Unsold Catalog Item,No Sales Activity,Low Cash / Minor Contributor ($0-$5k),No Purchases,0,0,0,0,,,0,0,0,0,0
33,Mountain-300 Black- 40,Bikes,Mountain Bikes,598,,,Dead Stock (Zero Lifetime Sales),Low-Performer (Lifetime),Unsold Catalog Item,No Sales Activity,Low Cash / Minor Contributor ($0-$5k),No Purchases,0,0,0,0,,,0,0,0,0,0
34,Mountain-300 Black- 44,Bikes,Mountain Bikes,598,,,Dead Stock (Zero Lifetime Sales),Low-Performer (Lifetime),Unsold Catalog Item,No Sales Activity,Low Cash / Minor Contributor ($0-$5k),No Purchases,0,0,0,0,,,0,0,0,0,0
35,Mountain-300 Black- 48,Bikes,Mountain Bikes,598,,,Dead Stock (Zero Lifetime Sales),Low-Performer (Lifetime),Unsold Catalog Item,No Sales Activity,Low Cash / Minor Contributor ($0-$5k),No Purchases,0,0,0,0,,,0,0,0,0,0
36,Road-650 Black- 44,Bikes,Road Bikes,487,26/12/2012,12,At Risk / Approaching Obsolete,Mid-Range (Lifetime),Extended Run (12+ Months Active),Stable Margin Core (15%-40%),Steady Cash Contributor ($5k-$20k),Repeat Purchase,47565,63,63,63,23,755,755,1981.88,32886,0,-1
37,Road-650 Black- 48,Bikes,Road Bikes,487,25/12/2012,12,At Risk / Approaching Obsolete,Mid-Range (Lifetime),Extended Run (12+ Months Active),Stable Margin Core (15%-40%),Steady Cash Contributor ($5k-$20k),Repeat Purchase,45552,60,60,60,21,759.2,759.2,2070.55,33669,0,-1
38,Road-650 Black- 52,Bikes,Road Bikes,487,19/12/2012,12,At Risk / Approaching Obsolete,High-Performer (Lifetime),Extended Run (12+ Months Active),Stable Margin Core (15%-40%),Massive Cash Generator (>$20k),Repeat Purchase,66915,89,89,89,23,751.9,751.85,2788.13,43848,0,-1
39,Road-650 Black- 58,Bikes,Road Bikes,487,18/12/2012,12,At Risk / Approaching Obsolete,High-Performer (Lifetime),Extended Run (12+ Months Active),Stable Margin Core (15%-40%),Massive Cash Generator (>$20k),Repeat Purchase,57996,76,76,76,23,763.1,763.11,2416.5,45414,0,-1
40,Road-650 Black- 60,Bikes,Road Bikes,487,12/12/2012,12,At Risk / Approaching Obsolete,High-Performer (Lifetime),Extended Run (12+ Months Active),Stable Margin Core (15%-40%),Massive Cash Generator (>$20k),Repeat Purchase,57156,76,76,76,22,752.1,752.05,2485.04,37584,0,-1
41,Road-650 Black- 62,Bikes,Road Bikes,487,18/12/2012,12,At Risk / Approaching Obsolete,Mid-Range (Lifetime),Extended Run (12+ Months Active),Stable Margin Core (15%-40%),Steady Cash Contributor ($5k-$20k),Repeat Purchase,49047,65,65,65,24,754.6,754.57,1961.88,33669,0,-1
42,Road-650 Red- 44,Bikes,Road Bikes,487,25/12/2012,12,At Risk / Approaching Obsolete,High-Performer (Lifetime),Extended Run (12+ Months Active),Stable Margin Core (15%-40%),Steady Cash Contributor ($5k-$20k),Repeat Purchase,54528,72,72,72,23,757.3,757.33,2272,39150,0,-1
43,Road-650 Red- 48,Bikes,Road Bikes,487,27/12/2012,12,At Risk / Approaching Obsolete,High-Performer (Lifetime),Extended Run (12+ Months Active),Stable Margin Core (15%-40%),Massive Cash Generator (>$20k),Repeat Purchase,66720,88,88,88,23,758.2,758.18,2780,47763,0,-1
44,Road-650 Red- 52,Bikes,Road Bikes,487,21/12/2012,12,At Risk / Approaching Obsolete,Mid-Range (Lifetime),Extended Run (12+ Months Active),Stable Margin Core (15%-40%),Steady Cash Contributor ($5k-$20k),Repeat Purchase,46083,61,61,61,24,755.5,755.46,1843.32,31320,0,-1
45,Road-650 Red- 58,Bikes,Road Bikes,487,18/12/2012,12,At Risk / Approaching Obsolete,High-Performer (Lifetime),Extended Run (12+ Months Active),Stable Margin Core (15%-40%),Massive Cash Generator (>$20k),Repeat Purchase,56346,74,74,74,22,761.4,761.43,2449.83,43065,0,-1
46,Road-650 Red- 60,Bikes,Road Bikes,487,23/12/2012,12,At Risk / Approaching Obsolete,Mid-Range (Lifetime),Extended Run (12+ Months Active),Stable Margin Core (15%-40%),Steady Cash Contributor ($5k-$20k),Repeat Purchase,40071,53,53,53,23,756.1,756.06,1669.63,28188,0,-1
47,Road-650 Red- 62,Bikes,Road Bikes,487,05/12/2012,12,At Risk / Approaching Obsolete,High-Performer (Lifetime),Extended Run (12+ Months Active),Stable Margin Core (15%-40%),Massive Cash Generator (>$20k),Repeat Purchase,57381,75,75,75,23,765.1,765.08,2390.88,45414,0,-1
48,Road-250 Red- 44,Bikes,Road Bikes,1519,25/12/2012,12,At Risk / Approaching Obsolete,High-Performer (Lifetime),Standard Run (7-12 Months Active),Stable Margin Core (15%-40%),Massive Cash Generator (>$20k),Repeat Purchase,351792,144,144,144,12,2443,2443,27060.92,346906,0,-1
49,Road-250 Red- 48,Bikes,Road Bikes,1519,24/12/2012,12,At Risk / Approaching Obsolete,High-Performer (Lifetime),Standard Run (7-12 Months Active),Stable Margin Core (15%-40%),Massive Cash Generator (>$20k),Repeat Purchase,395766,162,162,162,12,2443,2443,30443.54,388437,0,-1
50,Road-250 Red- 52,Bikes,Road Bikes,1519,25/12/2012,12,At Risk / Approaching Obsolete,High-Performer (Lifetime),Standard Run (7-12 Months Active),Stable Margin Core (15%-40%),Massive Cash Generator (>$20k),Repeat Purchase,324919,133,133,133,12,2443,2443,24993.77,322476,0,-1
51,LL Fork,Components,Forks,66,,,Dead Stock (Zero Lifetime Sales),Low-Performer (Lifetime),Unsold Catalog Item,No Sales Activity,Low Cash / Minor Contributor ($0-$5k),No Purchases,0,0,0,0,,,0,0,0,0,0
52,ML Fork,Components,Forks,78,,,Dead Stock (Zero Lifetime Sales),Low-Performer (Lifetime),Unsold Catalog Item,No Sales Activity,Low Cash / Minor Contributor ($0-$5k),No Purchases,0,0,0,0,,,0,0,0,0,0
53,HL Fork,Components,Forks,102,,,Dead Stock (Zero Lifetime Sales),Low-Performer (Lifetime),Unsold Catalog Item,No Sales Activity,Low Cash / Minor Contributor ($0-$5k),No Purchases,0,0,0,0,,,0,0,0,0,0
54,ML Mountain Frame - Black- 38,Components,Mountain Frames,186,,,Dead Stock (Zero Lifetime Sales),Low-Performer (Lifetime),Unsold Catalog Item,No Sales Activity,Low Cash / Minor Contributor ($0-$5k),No Purchases,0,0,0,0,,,0,0,0,0,0
55,ML Mountain Frame - Black- 40,Components,Mountain Frames,186,,,Dead Stock (Zero Lifetime Sales),Low-Performer (Lifetime),Unsold Catalog Item,No Sales Activity,Low Cash / Minor Contributor ($0-$5k),No Purchases,0,0,0,0,,,0,0,0,0,0
56,ML Mountain Frame - Black- 44,Components,Mountain Frames,186,,,Dead Stock (Zero Lifetime Sales),Low-Performer (Lifetime),Unsold Catalog Item,No Sales Activity,Low Cash / Minor Contributor ($0-$5k),No Purchases,0,0,0,0,,,0,0,0,0,0
57,ML Mountain Frame - Black- 48,Components,Mountain Frames,186,,,Dead Stock (Zero Lifetime Sales),Low-Performer (Lifetime),Unsold Catalog Item,No Sales Activity,Low Cash / Minor Contributor ($0-$5k),No Purchases,0,0,0,0,,,0,0,0,0,0
58,LL Road Frame - Red- 44,Components,Road Frames,187,,,Dead Stock (Zero Lifetime Sales),Low-Performer (Lifetime),Unsold Catalog Item,No Sales Activity,Low Cash / Minor Contributor ($0-$5k),No Purchases,0,0,0,0,,,0,0,0,0,0
59,LL Road Frame - Red- 48,Components,Road Frames,187,,,Dead Stock (Zero Lifetime Sales),Low-Performer (Lifetime),Unsold Catalog Item,No Sales Activity,Low Cash / Minor Contributor ($0-$5k),No Purchases,0,0,0,0,,,0,0,0,0,0
60,LL Road Frame - Red- 52,Components,Road Frames,187,,,Dead Stock (Zero Lifetime Sales),Low-Performer (Lifetime),Unsold Catalog Item,No Sales Activity,Low Cash / Minor Contributor ($0-$5k),No Purchases,0,0,0,0,,,0,0,0,0,0
61,LL Road Frame - Red- 58,Components,Road Frames,187,,,Dead Stock (Zero Lifetime Sales),Low-Performer (Lifetime),Unsold Catalog Item,No Sales Activity,Low Cash / Minor Contributor ($0-$5k),No Purchases,0,0,0,0,,,0,0,0,0,0
62,LL Road Frame - Red- 60,Components,Road Frames,187,,,Dead Stock (Zero Lifetime Sales),Low-Performer (Lifetime),Unsold Catalog Item,No Sales Activity,Low Cash / Minor Contributor ($0-$5k),No Purchases,0,0,0,0,,,0,0,0,0,0
63,LL Road Frame - Red- 62,Components,Road Frames,187,,,Dead Stock (Zero Lifetime Sales),Low-Performer (Lifetime),Unsold Catalog Item,No Sales Activity,Low Cash / Minor Contributor ($0-$5k),No Purchases,0,0,0,0,,,0,0,0,0,0
64,LL Mountain Front Wheel,Components,Wheels,27,,,Dead Stock (Zero Lifetime Sales),Low-Performer (Lifetime),Unsold Catalog Item,No Sales Activity,Low Cash / Minor Contributor ($0-$5k),No Purchases,0,0,0,0,,,0,0,0,0,0
65,ML Mountain Front Wheel,Components,Wheels,93,,,Dead Stock (Zero Lifetime Sales),Low-Performer (Lifetime),Unsold Catalog Item,No Sales Activity,Low Cash / Minor Contributor ($0-$5k),No Purchases,0,0,0,0,,,0,0,0,0,0
66,HL Mountain Front Wheel,Components,Wheels,133,,,Dead Stock (Zero Lifetime Sales),Low-Performer (Lifetime),Unsold Catalog Item,No Sales Activity,Low Cash / Minor Contributor ($0-$5k),No Purchases,0,0,0,0,,,0,0,0,0,0
67,LL Road Front Wheel,Components,Wheels,38,,,Dead Stock (Zero Lifetime Sales),Low-Performer (Lifetime),Unsold Catalog Item,No Sales Activity,Low Cash / Minor Contributor ($0-$5k),No Purchases,0,0,0,0,,,0,0,0,0,0
68,ML Road Front Wheel,Components,Wheels,110,,,Dead Stock (Zero Lifetime Sales),Low-Performer (Lifetime),Unsold Catalog Item,No Sales Activity,Low Cash / Minor Contributor ($0-$5k),No Purchases,0,0,0,0,,,0,0,0,0,0
69,HL Road Front Wheel,Components,Wheels,147,,,Dead Stock (Zero Lifetime Sales),Low-Performer (Lifetime),Unsold Catalog Item,No Sales Activity,Low Cash / Minor Contributor ($0-$5k),No Purchases,0,0,0,0,,,0,0,0,0,0
70,Touring Front Wheel,Components,Wheels,97,,,Dead Stock (Zero Lifetime Sales),Low-Performer (Lifetime),Unsold Catalog Item,No Sales Activity,Low Cash / Minor Contributor ($0-$5k),No Purchases,0,0,0,0,,,0,0,0,0,0
71,Full-Finger Gloves- L,Clothing,Gloves,16,,,Dead Stock (Zero Lifetime Sales),Low-Performer (Lifetime),Unsold Catalog Item,No Sales Activity,Low Cash / Minor Contributor ($0-$5k),No Purchases,0,0,0,0,,,0,0,0,0,0
72,Full-Finger Gloves- M,Clothing,Gloves,16,,,Dead Stock (Zero Lifetime Sales),Low-Performer (Lifetime),Unsold Catalog Item,No Sales Activity,Low Cash / Minor Contributor ($0-$5k),No Purchases,0,0,0,0,,,0,0,0,0,0
73,Full-Finger Gloves- S,Clothing,Gloves,16,,,Dead Stock (Zero Lifetime Sales),Low-Performer (Lifetime),Unsold Catalog Item,No Sales Activity,Low Cash / Minor Contributor ($0-$5k),No Purchases,0,0,0,0,,,0,0,0,0,0
74,LL Headset,Components,Headsets,15,,,Dead Stock (Zero Lifetime Sales),Low-Performer (Lifetime),Unsold Catalog Item,No Sales Activity,Low Cash / Minor Contributor ($0-$5k),No Purchases,0,0,0,0,,,0,0,0,0,0
75,ML Headset,Components,Headsets,45,,,Dead Stock (Zero Lifetime Sales),Low-Performer (Lifetime),Unsold Catalog Item,No Sales Activity,Low Cash / Minor Contributor ($0-$5k),No Purchases,0,0,0,0,,,0,0,0,0,0
76,HL Headset,Components,Headsets,55,,,Dead Stock (Zero Lifetime Sales),Low-Performer (Lifetime),Unsold Catalog Item,No Sales Activity,Low Cash / Minor Contributor ($0-$5k),No Purchases,0,0,0,0,,,0,0,0,0,0
77,Cable Lock,Accessories,Locks,10,,,Dead Stock (Zero Lifetime Sales),Low-Performer (Lifetime),Unsold Catalog Item,No Sales Activity,Low Cash / Minor Contributor ($0-$5k),No Purchases,0,0,0,0,,,0,0,0,0,0
78,Headlights - Dual-Beam,Accessories,Lights,14,,,Dead Stock (Zero Lifetime Sales),Low-Performer (Lifetime),Unsold Catalog Item,No Sales Activity,Low Cash / Minor Contributor ($0-$5k),No Purchases,0,0,0,0,,,0,0,0,0,0
79,Headlights - Weatherproof,Accessories,Lights,19,,,Dead Stock (Zero Lifetime Sales),Low-Performer (Lifetime),Unsold Catalog Item,No Sales Activity,Low Cash / Minor Contributor ($0-$5k),No Purchases,0,0,0,0,,,0,0,0,0,0
80,Taillights - Battery-Powered,Accessories,Lights,6,,,Dead Stock (Zero Lifetime Sales),Low-Performer (Lifetime),Unsold Catalog Item,No Sales Activity,Low Cash / Minor Contributor ($0-$5k),No Purchases,0,0,0,0,,,0,0,0,0,0
81,Touring-Panniers- Large,Accessories,Panniers,52,,,Dead Stock (Zero Lifetime Sales),Low-Performer (Lifetime),Unsold Catalog Item,No Sales Activity,Low Cash / Minor Contributor ($0-$5k),No Purchases,0,0,0,0,,,0,0,0,0,0
82,Minipump,Accessories,Pumps,8,,,Dead Stock (Zero Lifetime Sales),Low-Performer (Lifetime),Unsold Catalog Item,No Sales Activity,Low Cash / Minor Contributor ($0-$5k),No Purchases,0,0,0,0,,,0,0,0,0,0
83,Mountain Pump,Accessories,Pumps,10,,,Dead Stock (Zero Lifetime Sales),Low-Performer (Lifetime),Unsold Catalog Item,No Sales Activity,Low Cash / Minor Contributor ($0-$5k),No Purchases,0,0,0,0,,,0,0,0,0,0
84,LL Mountain Rear Wheel,Components,Wheels,39,,,Dead Stock (Zero Lifetime Sales),Low-Performer (Lifetime),Unsold Catalog Item,No Sales Activity,Low Cash / Minor Contributor ($0-$5k),No Purchases,0,0,0,0,,,0,0,0,0,0
85,ML Mountain Rear Wheel,Components,Wheels,105,,,Dead Stock (Zero Lifetime Sales),Low-Performer (Lifetime),Unsold Catalog Item,No Sales Activity,Low Cash / Minor Contributor ($0-$5k),No Purchases,0,0,0,0,,,0,0,0,0,0
86,HL Mountain Rear Wheel,Components,Wheels,145,,,Dead Stock (Zero Lifetime Sales),Low-Performer (Lifetime),Unsold Catalog Item,No Sales Activity,Low Cash / Minor Contributor ($0-$5k),No Purchases,0,0,0,0,,,0,0,0,0,0
87,LL Road Rear Wheel,Components,Wheels,50,,,Dead Stock (Zero Lifetime Sales),Low-Performer (Lifetime),Unsold Catalog Item,No Sales Activity,Low Cash / Minor Contributor ($0-$5k),No Purchases,0,0,0,0,,,0,0,0,0,0
88,ML Road Rear Wheel,Components,Wheels,122,,,Dead Stock (Zero Lifetime Sales),Low-Performer (Lifetime),Unsold Catalog Item,No Sales Activity,Low Cash / Minor Contributor ($0-$5k),No Purchases,0,0,0,0,,,0,0,0,0,0
89,HL Road Rear Wheel,Components,Wheels,159,,,Dead Stock (Zero Lifetime Sales),Low-Performer (Lifetime),Unsold Catalog Item,No Sales Activity,Low Cash / Minor Contributor ($0-$5k),No Purchases,0,0,0,0,,,0,0,0,0,0
90,Touring Rear Wheel,Components,Wheels,109,,,Dead Stock (Zero Lifetime Sales),Low-Performer (Lifetime),Unsold Catalog Item,No Sales Activity,Low Cash / Minor Contributor ($0-$5k),No Purchases,0,0,0,0,,,0,0,0,0,0
91,Men's Bib-Shorts- L,Clothing,Bib-Shorts,37,,,Dead Stock (Zero Lifetime Sales),Low-Performer (Lifetime),Unsold Catalog Item,No Sales Activity,Low Cash / Minor Contributor ($0-$5k),No Purchases,0,0,0,0,,,0,0,0,0,0
92,Men's Bib-Shorts- M,Clothing,Bib-Shorts,37,,,Dead Stock (Zero Lifetime Sales),Low-Performer (Lifetime),Unsold Catalog Item,No Sales Activity,Low Cash / Minor Contributor ($0-$5k),No Purchases,0,0,0,0,,,0,0,0,0,0
93,Men's Bib-Shorts- S,Clothing,Bib-Shorts,37,,,Dead Stock (Zero Lifetime Sales),Low-Performer (Lifetime),Unsold Catalog Item,No Sales Activity,Low Cash / Minor Contributor ($0-$5k),No Purchases,0,0,0,0,,,0,0,0,0,0
94,Men's Sports Shorts- L,Clothing,Shorts,25,,,Dead Stock (Zero Lifetime Sales),Low-Performer (Lifetime),Unsold Catalog Item,No Sales Activity,Low Cash / Minor Contributor ($0-$5k),No Purchases,0,0,0,0,,,0,0,0,0,0
95,Men's Sports Shorts- M,Clothing,Shorts,25,,,Dead Stock (Zero Lifetime Sales),Low-Performer (Lifetime),Unsold Catalog Item,No Sales Activity,Low Cash / Minor Contributor ($0-$5k),No Purchases,0,0,0,0,,,0,0,0,0,0
96,Men's Sports Shorts- S,Clothing,Shorts,25,,,Dead Stock (Zero Lifetime Sales),Low-Performer (Lifetime),Unsold Catalog Item,No Sales Activity,Low Cash / Minor Contributor ($0-$5k),No Purchases,0,0,0,0,,,0,0,0,0,0
97,Men's Sports Shorts- XL,Clothing,Shorts,25,,,Dead Stock (Zero Lifetime Sales),Low-Performer (Lifetime),Unsold Catalog Item,No Sales Activity,Low Cash / Minor Contributor ($0-$5k),No Purchases,0,0,0,0,,,0,0,0,0,0
98,Women's Tights- L,Clothing,Tights,31,,,Dead Stock (Zero Lifetime Sales),Low-Performer (Lifetime),Unsold Catalog Item,No Sales Activity,Low Cash / Minor Contributor ($0-$5k),No Purchases,0,0,0,0,,,0,0,0,0,0
99,Women's Tights- M,Clothing,Tights,31,,,Dead Stock (Zero Lifetime Sales),Low-Performer (Lifetime),Unsold Catalog Item,No Sales Activity,Low Cash / Minor Contributor ($0-$5k),No Purchases,0,0,0,0,,,0,0,0,0,0
100,Women's Tights- S,Clothing,Tights,31,,,Dead Stock (Zero Lifetime Sales),Low-Performer (Lifetime),Unsold Catalog Item,No Sales Activity,Low Cash / Minor Contributor ($0-$5k),No Purchases,0,0,0,0,,,0,0,0,0,0
101,LL Bottom Bracket,Components,Bottom Brackets,24,,,Dead Stock (Zero Lifetime Sales),Low-Performer (Lifetime),Unsold Catalog Item,No Sales Activity,Low Cash / Minor Contributor ($0-$5k),No Purchases,0,0,0,0,,,0,0,0,0,0
102,ML Bottom Bracket,Components,Bottom Brackets,45,,,Dead Stock (Zero Lifetime Sales),Low-Performer (Lifetime),Unsold Catalog Item,No Sales Activity,Low Cash / Minor Contributor ($0-$5k),No Purchases,0,0,0,0,,,0,0,0,0,0
103,HL Bottom Bracket,Components,Bottom Brackets,54,,,Dead Stock (Zero Lifetime Sales),Low-Performer (Lifetime),Unsold Catalog Item,No Sales Activity,Low Cash / Minor Contributor ($0-$5k),No Purchases,0,0,0,0,,,0,0,0,0,0
104,Mountain Bottle Cage,Accessories,Bottles and Cages,4,28/01/2014,-1,Active / Fast-Moving,Mid-Range (Lifetime),Extended Run (12+ Months Active),High Margin Driver (40%+),Steady Cash Contributor ($5k-$20k),Repeat Purchase,20340,2034,2025,2004,13,10,10.04,1452.86,110,19530,176.5455
105,Road Bottle Cage,Accessories,Bottles and Cages,3,25/01/2014,-1,Active / Fast-Moving,Mid-Range (Lifetime),Extended Run (12+ Months Active),High Margin Driver (40%+),Steady Cash Contributor ($5k-$20k),Repeat Purchase,15399,1711,1711,1699,13,9,9,1099.93,81,15237,187.1111
106,Mountain-500 Black- 40,Bikes,Mountain Bikes,295,13/12/2013,0,Active / Fast-Moving,Mid-Range (Lifetime),Standard Run (7-12 Months Active),High Margin Driver (40%+),Steady Cash Contributor ($5k-$20k),Repeat Purchase,25920,48,48,48,12,540,540,1993.85,540,25380,46
107,Mountain-500 Black- 42,Bikes,Mountain Bikes,295,25/12/2013,0,Active / Fast-Moving,Mid-Range (Lifetime),Standard Run (7-12 Months Active),High Margin Driver (40%+),Steady Cash Contributor ($5k-$20k),Repeat Purchase,26460,49,49,49,11,540,540,2205,0,26460,1
108,Mountain-500 Black- 44,Bikes,Mountain Bikes,295,25/12/2013,0,Active / Fast-Moving,Mid-Range (Lifetime),Standard Run (7-12 Months Active),High Margin Driver (40%+),Steady Cash Contributor ($5k-$20k),Repeat Purchase,31320,58,58,58,11,540,540,2610,0,31320,1
109,Mountain-500 Black- 48,Bikes,Mountain Bikes,295,26/12/2013,0,Active / Fast-Moving,Mid-Range (Lifetime),Standard Run (7-12 Months Active),High Margin Driver (40%+),Steady Cash Contributor ($5k-$20k),Repeat Purchase,30240,56,56,56,11,540,540,2520,0,30240,1
110,Mountain-500 Black- 52,Bikes,Mountain Bikes,295,24/12/2013,0,Active / Fast-Moving,Mid-Range (Lifetime),Standard Run (7-12 Months Active),High Margin Driver (40%+),Steady Cash Contributor ($5k-$20k),Repeat Purchase,22140,41,41,41,11,540,540,1845,0,22140,1
111,Mountain-500 Silver- 40,Bikes,Mountain Bikes,308,26/12/2013,0,Active / Fast-Moving,Mid-Range (Lifetime),Standard Run (7-12 Months Active),High Margin Driver (40%+),Steady Cash Contributor ($5k-$20k),Repeat Purchase,25425,45,45,45,11,565,565,2118.75,0,25425,1
112,Mountain-500 Silver- 42,Bikes,Mountain Bikes,308,27/12/2013,0,Active / Fast-Moving,Mid-Range (Lifetime),Standard Run (7-12 Months Active),High Margin Driver (40%+),Steady Cash Contributor ($5k-$20k),Repeat Purchase,25425,45,45,45,11,565,565,2118.75,0,25425,1
113,Mountain-500 Silver- 44,Bikes,Mountain Bikes,308,25/12/2013,0,Active / Fast-Moving,Mid-Range (Lifetime),Standard Run (7-12 Months Active),High Margin Driver (40%+),Steady Cash Contributor ($5k-$20k),Repeat Purchase,22035,39,39,39,12,565,565,1695,565,21470,37
114,Mountain-500 Silver- 48,Bikes,Mountain Bikes,308,27/12/2013,0,Active / Fast-Moving,Mid-Range (Lifetime),Standard Run (7-12 Months Active),High Margin Driver (40%+),Steady Cash Contributor ($5k-$20k),Repeat Purchase,28250,50,50,50,11,565,565,2354.17,0,28250,1
115,Mountain-500 Silver- 52,Bikes,Mountain Bikes,308,25/12/2013,0,Active / Fast-Moving,Mid-Range (Lifetime),Standard Run (7-12 Months Active),High Margin Driver (40%+),Steady Cash Contributor ($5k-$20k),Repeat Purchase,27120,48,48,48,11,565,565,2260,0,27120,1
116,Mountain-400-W Silver- 38,Bikes,Mountain Bikes,420,27/12/2013,0,Active / Fast-Moving,High-Performer (Lifetime),Standard Run (7-12 Months Active),High Margin Driver (40%+),Massive Cash Generator (>$20k),Repeat Purchase,113812,148,148,148,11,769,769,9484.33,0,113812,1
117,Mountain-400-W Silver- 40,Bikes,Mountain Bikes,420,24/12/2013,0,Active / Fast-Moving,High-Performer (Lifetime),Standard Run (7-12 Months Active),High Margin Driver (40%+),Massive Cash Generator (>$20k),Repeat Purchase,98432,128,128,128,12,769,769,7571.69,769,97663,126
118,Mountain-400-W Silver- 42,Bikes,Mountain Bikes,420,27/12/2013,0,Active / Fast-Moving,High-Performer (Lifetime),Standard Run (7-12 Months Active),High Margin Driver (40%+),Massive Cash Generator (>$20k),Repeat Purchase,99201,129,129,129,11,769,769,8266.75,0,99201,1
119,Mountain-400-W Silver- 46,Bikes,Mountain Bikes,420,24/12/2013,0,Active / Fast-Moving,High-Performer (Lifetime),Standard Run (7-12 Months Active),High Margin Driver (40%+),Massive Cash Generator (>$20k),Repeat Purchase,106122,138,138,138,11,769,769,8843.5,0,106122,1
120,Mountain-200 Black- 38,Bikes,Mountain Bikes,1252,28/12/2013,0,Active / Fast-Moving,High-Performer (Lifetime),Extended Run (12+ Months Active),High Margin Driver (40%+),Massive Cash Generator (>$20k),Repeat Purchase,1292559,581,581,564,24,2224.7,2224.71,51702.36,342921,945540,1.7573
121,Mountain-200 Black- 42,Bikes,Mountain Bikes,1252,28/12/2013,0,Active / Fast-Moving,High-Performer (Lifetime),Extended Run (12+ Months Active),High Margin Driver (40%+),Massive Cash Generator (>$20k),Repeat Purchase,1363128,614,614,604,23,2220.1,2220.08,56797,392343,970785,1.4743
122,Mountain-200 Black- 46,Bikes,Mountain Bikes,1252,27/12/2013,0,Active / Fast-Moving,High-Performer (Lifetime),Extended Run (12+ Months Active),High Margin Driver (40%+),Massive Cash Generator (>$20k),Repeat Purchase,1373454,620,620,600,24,2215.2,2215.25,54938.16,423570,947835,1.2377
123,Mountain-200 Silver- 38,Bikes,Mountain Bikes,1266,28/12/2013,0,Active / Fast-Moving,High-Performer (Lifetime),Extended Run (12+ Months Active),High Margin Driver (40%+),Massive Cash Generator (>$20k),Repeat Purchase,1339394,596,596,583,23,2247.3,2247.31,55808.08,371954,967440,1.601
124,Mountain-200 Silver- 42,Bikes,Mountain Bikes,1266,28/12/2013,0,Active / Fast-Moving,High-Performer (Lifetime),Extended Run (12+ Months Active),High Margin Driver (40%+),Massive Cash Generator (>$20k),Repeat Purchase,1257368,560,560,547,24,2245.3,2245.3,50294.72,352817,902480,1.5579
125,Mountain-200 Silver- 46,Bikes,Mountain Bikes,1266,28/12/2013,0,Active / Fast-Moving,High-Performer (Lifetime),Extended Run (12+ Months Active),High Margin Driver (40%+),Massive Cash Generator (>$20k),Repeat Purchase,1298709,579,579,566,23,2243,2243.02,54112.88,377669,921040,1.4387
126,Road-750 Black- 44,Bikes,Road Bikes,344,28/12/2013,0,Active / Fast-Moving,High-Performer (Lifetime),Standard Run (7-12 Months Active),Stable Margin Core (15%-40%),Massive Cash Generator (>$20k),Repeat Purchase,194400,360,360,360,12,540,540,14953.85,1620,192780,118
127,Road-750 Black- 48,Bikes,Road Bikes,344,28/12/2013,0,Active / Fast-Moving,High-Performer (Lifetime),Standard Run (7-12 Months Active),Stable Margin Core (15%-40%),Massive Cash Generator (>$20k),Repeat Purchase,196020,363,363,363,12,540,540,15078.46,1080,194940,179.5
128,Road-750 Black- 52,Bikes,Road Bikes,344,28/12/2013,0,Active / Fast-Moving,High-Performer (Lifetime),Standard Run (7-12 Months Active),Stable Margin Core (15%-40%),Massive Cash Generator (>$20k),Repeat Purchase,208440,386,386,386,12,540,540,16033.85,2160,206280,94.5
129,Road-750 Black- 58,Bikes,Road Bikes,344,28/12/2013,0,Active / Fast-Moving,High-Performer (Lifetime),Standard Run (7-12 Months Active),Stable Margin Core (15%-40%),Massive Cash Generator (>$20k),Repeat Purchase,180360,334,334,334,12,540,540,13873.85,1080,179280,165
130,Road-550-W Yellow- 38,Bikes,Road Bikes,713,26/12/2013,0,Active / Fast-Moving,High-Performer (Lifetime),Extended Run (12+ Months Active),Stable Margin Core (15%-40%),Massive Cash Generator (>$20k),Repeat Purchase,293760,270,270,267,24,1088,1088,11750.4,71000,221760,2.1234
131,Road-550-W Yellow- 40,Bikes,Road Bikes,713,28/12/2013,0,Active / Fast-Moving,High-Performer (Lifetime),Extended Run (12+ Months Active),Stable Margin Core (15%-40%),Massive Cash Generator (>$20k),Repeat Purchase,289880,266,266,264,23,1089.8,1089.77,12078.33,68120,221760,2.2554
132,Road-550-W Yellow- 42,Bikes,Road Bikes,713,26/12/2013,0,Active / Fast-Moving,High-Performer (Lifetime),Extended Run (12+ Months Active),Stable Margin Core (15%-40%),Massive Cash Generator (>$20k),Repeat Purchase,334440,306,306,303,24,1092.9,1092.94,13377.6,68000,265440,2.9035
133,Road-550-W Yellow- 44,Bikes,Road Bikes,713,27/12/2013,0,Active / Fast-Moving,High-Performer (Lifetime),Extended Run (12+ Months Active),Stable Margin Core (15%-40%),Massive Cash Generator (>$20k),Repeat Purchase,312200,287,287,286,23,1087.8,1087.8,13008.33,78120,234080,1.9964
134,Road-550-W Yellow- 48,Bikes,Road Bikes,713,27/12/2013,0,Active / Fast-Moving,High-Performer (Lifetime),Extended Run (12+ Months Active),Stable Margin Core (15%-40%),Massive Cash Generator (>$20k),Repeat Purchase,283680,261,261,258,22,1086.9,1086.9,12333.91,74240,209440,1.8211
135,Road-350-W Yellow- 40,Bikes,Road Bikes,1083,27/12/2013,0,Active / Fast-Moving,High-Performer (Lifetime),Standard Run (7-12 Months Active),Stable Margin Core (15%-40%),Massive Cash Generator (>$20k),Repeat Purchase,418446,246,246,246,12,1701,1701,32188.15,1701,416745,244
136,Road-350-W Yellow- 42,Bikes,Road Bikes,1083,27/12/2013,0,Active / Fast-Moving,High-Performer (Lifetime),Standard Run (7-12 Months Active),Stable Margin Core (15%-40%),Massive Cash Generator (>$20k),Repeat Purchase,399735,235,235,235,12,1701,1701,30748.85,5103,394632,76.3333
137,Road-350-W Yellow- 44,Bikes,Road Bikes,1083,27/12/2013,0,Active / Fast-Moving,High-Performer (Lifetime),Standard Run (7-12 Months Active),Stable Margin Core (15%-40%),Massive Cash Generator (>$20k),Repeat Purchase,367416,216,216,216,11,1701,1701,30618,0,367416,1
138,Road-350-W Yellow- 48,Bikes,Road Bikes,1083,25/12/2013,0,Active / Fast-Moving,High-Performer (Lifetime),Standard Run (7-12 Months Active),Stable Margin Core (15%-40%),Massive Cash Generator (>$20k),Repeat Purchase,394632,232,232,232,12,1701,1701,30356.31,1701,392931,230
139,Road-250 Black- 44,Bikes,Road Bikes,1555,27/12/2013,0,Active / Fast-Moving,High-Performer (Lifetime),Extended Run (12+ Months Active),Stable Margin Core (15%-40%),Massive Cash Generator (>$20k),Repeat Purchase,628384,271,271,266,24,2318.8,2318.76,25135.36,279818,342020,0.2223
140,Road-250 Black- 48,Bikes,Road Bikes,1555,28/12/2013,0,Active / Fast-Moving,High-Performer (Lifetime),Extended Run (12+ Months Active),Stable Margin Core (15%-40%),Massive Cash Generator (>$20k),Repeat Purchase,691213,298,298,289,23,2319.5,2319.51,28800.54,310105,381108,0.229
141,Road-250 Black- 52,Bikes,Road Bikes,1555,25/12/2013,0,Active / Fast-Moving,High-Performer (Lifetime),Extended Run (12+ Months Active),Stable Margin Core (15%-40%),Massive Cash Generator (>$20k),Repeat Purchase,734425,319,319,312,24,2302.3,2302.27,29377,378269,351792,-0.07
142,Road-250 Black- 58,Bikes,Road Bikes,1555,26/12/2013,0,Active / Fast-Moving,High-Performer (Lifetime),Extended Run (12+ Months Active),Stable Margin Core (15%-40%),Massive Cash Generator (>$20k),Repeat Purchase,622026,270,270,265,24,2303.8,2303.8,24881.04,316912,302932,-0.0441
143,Road-250 Red- 58,Bikes,Road Bikes,1555,27/12/2013,0,Active / Fast-Moving,High-Performer (Lifetime),Extended Run (12+ Months Active),Stable Margin Core (15%-40%),Massive Cash Generator (>$20k),Repeat Purchase,702666,306,306,301,24,2296.3,2296.29,28106.64,376087,320033,-0.149
144,Touring-3000 Blue- 44,Bikes,Touring Bikes,461,28/12/2013,0,Active / Fast-Moving,Mid-Range (Lifetime),Standard Run (7-12 Months Active),Stable Margin Core (15%-40%),Steady Cash Contributor ($5k-$20k),Repeat Purchase,39326,53,53,53,11,742,742,3277.17,0,39326,1
145,Touring-3000 Blue- 50,Bikes,Touring Bikes,461,23/12/2013,0,Active / Fast-Moving,Mid-Range (Lifetime),Standard Run (7-12 Months Active),Stable Margin Core (15%-40%),Steady Cash Contributor ($5k-$20k),Repeat Purchase,35616,48,48,48,11,742,742,2968,0,35616,1
146,Touring-3000 Blue- 54,Bikes,Touring Bikes,461,17/12/2013,0,Active / Fast-Moving,Mid-Range (Lifetime),Standard Run (7-12 Months Active),Stable Margin Core (15%-40%),Steady Cash Contributor ($5k-$20k),Repeat Purchase,40810,55,55,55,12,742,742,3139.23,742,40068,53
147,Touring-3000 Blue- 58,Bikes,Touring Bikes,461,27/12/2013,0,Active / Fast-Moving,Mid-Range (Lifetime),Standard Run (7-12 Months Active),Stable Margin Core (15%-40%),Steady Cash Contributor ($5k-$20k),Repeat Purchase,42294,57,57,57,11,742,742,3524.5,0,42294,1
148,Touring-3000 Blue- 62,Bikes,Touring Bikes,461,23/12/2013,0,Active / Fast-Moving,Mid-Range (Lifetime),Standard Run (7-12 Months Active),Stable Margin Core (15%-40%),Steady Cash Contributor ($5k-$20k),Repeat Purchase,47488,64,64,64,11,742,742,3957.33,0,47488,1
149,Touring-3000 Yellow- 44,Bikes,Touring Bikes,461,28/12/2013,0,Active / Fast-Moving,Mid-Range (Lifetime),Standard Run (7-12 Months Active),Stable Margin Core (15%-40%),Steady Cash Contributor ($5k-$20k),Repeat Purchase,43778,59,59,59,11,742,742,3648.17,0,43778,1
150,Touring-3000 Yellow- 50,Bikes,Touring Bikes,461,27/12/2013,0,Active / Fast-Moving,Mid-Range (Lifetime),Standard Run (7-12 Months Active),Stable Margin Core (15%-40%),Steady Cash Contributor ($5k-$20k),Repeat Purchase,43778,59,59,59,11,742,742,3648.17,0,43778,1
151,Touring-3000 Yellow- 54,Bikes,Touring Bikes,461,09/12/2013,0,Active / Fast-Moving,Mid-Range (Lifetime),Standard Run (7-12 Months Active),Stable Margin Core (15%-40%),Steady Cash Contributor ($5k-$20k),Repeat Purchase,35616,48,48,48,11,742,742,2968,0,35616,1
152,Touring-3000 Yellow- 58,Bikes,Touring Bikes,461,27/12/2013,0,Active / Fast-Moving,Mid-Range (Lifetime),Standard Run (7-12 Months Active),Stable Margin Core (15%-40%),Steady Cash Contributor ($5k-$20k),Repeat Purchase,34874,47,47,47,12,742,742,2682.62,1484,33390,21.5
153,Touring-3000 Yellow- 62,Bikes,Touring Bikes,461,26/12/2013,0,Active / Fast-Moving,Mid-Range (Lifetime),Standard Run (7-12 Months Active),Stable Margin Core (15%-40%),Steady Cash Contributor ($5k-$20k),Repeat Purchase,37100,50,50,50,11,742,742,3091.67,0,37100,1
154,Touring-2000 Blue- 46,Bikes,Touring Bikes,755,27/12/2013,0,Active / Fast-Moving,High-Performer (Lifetime),Standard Run (7-12 Months Active),Stable Margin Core (15%-40%),Massive Cash Generator (>$20k),Repeat Purchase,117855,97,97,97,12,1215,1215,9065.77,2430,115425,46.5
155,Touring-2000 Blue- 50,Bikes,Touring Bikes,755,27/12/2013,0,Active / Fast-Moving,High-Performer (Lifetime),Standard Run (7-12 Months Active),Stable Margin Core (15%-40%),Massive Cash Generator (>$20k),Repeat Purchase,128790,106,106,106,12,1215,1215,9906.92,1215,127575,104
156,Touring-2000 Blue- 54,Bikes,Touring Bikes,755,28/12/2013,0,Active / Fast-Moving,High-Performer (Lifetime),Standard Run (7-12 Months Active),Stable Margin Core (15%-40%),Massive Cash Generator (>$20k),Repeat Purchase,106920,88,88,88,11,1215,1215,8910,0,106920,1
157,Touring-2000 Blue- 60,Bikes,Touring Bikes,755,28/12/2013,0,Active / Fast-Moving,High-Performer (Lifetime),Standard Run (7-12 Months Active),Stable Margin Core (15%-40%),Massive Cash Generator (>$20k),Repeat Purchase,98415,81,81,81,12,1215,1215,7570.38,1215,97200,79
158,Touring-1000 Blue- 46,Bikes,Touring Bikes,1482,23/12/2013,0,Active / Fast-Moving,High-Performer (Lifetime),Standard Run (7-12 Months Active),Stable Margin Core (15%-40%),Massive Cash Generator (>$20k),Repeat Purchase,421968,177,177,177,12,2384,2384,32459.08,4768,417200,86.5
159,Touring-1000 Blue- 50,Bikes,Touring Bikes,1482,28/12/2013,0,Active / Fast-Moving,High-Performer (Lifetime),Standard Run (7-12 Months Active),Stable Margin Core (15%-40%),Massive Cash Generator (>$20k),Repeat Purchase,357600,150,150,150,12,2384,2384,27507.69,2384,355216,148
160,Touring-1000 Blue- 54,Bikes,Touring Bikes,1482,27/12/2013,0,Active / Fast-Moving,High-Performer (Lifetime),Standard Run (7-12 Months Active),Stable Margin Core (15%-40%),Massive Cash Generator (>$20k),Repeat Purchase,381440,160,160,160,11,2384,2384,31786.67,0,381440,1
161,Touring-1000 Blue- 60,Bikes,Touring Bikes,1482,27/12/2013,0,Active / Fast-Moving,High-Performer (Lifetime),Standard Run (7-12 Months Active),Stable Margin Core (15%-40%),Massive Cash Generator (>$20k),Repeat Purchase,350448,147,147,147,12,2384,2384,26957.54,2384,348064,145
162,Touring-1000 Yellow- 46,Bikes,Touring Bikes,1482,28/12/2013,0,Active / Fast-Moving,High-Performer (Lifetime),Standard Run (7-12 Months Active),Stable Margin Core (15%-40%),Massive Cash Generator (>$20k),Repeat Purchase,410048,172,172,170,11,2384,2384,34170.67,0,410048,1
163,Touring-1000 Yellow- 50,Bikes,Touring Bikes,1482,23/12/2013,0,Active / Fast-Moving,High-Performer (Lifetime),Standard Run (7-12 Months Active),Stable Margin Core (15%-40%),Massive Cash Generator (>$20k),Repeat Purchase,359984,151,151,150,12,2384,2384,27691.08,4768,355216,73.5
164,Touring-1000 Yellow- 54,Bikes,Touring Bikes,1482,27/12/2013,0,Active / Fast-Moving,High-Performer (Lifetime),Standard Run (7-12 Months Active),Stable Margin Core (15%-40%),Massive Cash Generator (>$20k),Repeat Purchase,376672,158,158,158,11,2384,2384,31389.33,0,376672,1
165,Touring-1000 Yellow- 60,Bikes,Touring Bikes,1482,23/12/2013,0,Active / Fast-Moving,High-Performer (Lifetime),Standard Run (7-12 Months Active),Stable Margin Core (15%-40%),Massive Cash Generator (>$20k),Repeat Purchase,333760,140,140,140,11,2384,2384,27813.33,0,333760,1
166,AWC Logo Cap,Clothing,Caps,7,28/01/2014,-1,Active / Fast-Moving,Mid-Range (Lifetime),Extended Run (12+ Months Active),Stable Margin Core (15%-40%),Low Cash / Minor Contributor ($0-$5k),Repeat Purchase,19710,2190,2190,2132,13,9,9,1407.86,72,18891,261.375
167,Chain,Components,Chains,9,,,Dead Stock (Zero Lifetime Sales),Low-Performer (Lifetime),Unsold Catalog Item,No Sales Activity,Low Cash / Minor Contributor ($0-$5k),No Purchases,0,0,0,0,,,0,0,0,0,0
168,Bike Wash - Dissolver,Accessories,Cleaners,3,28/01/2014,-1,Active / Fast-Moving,Low-Performer (Lifetime),Standard Run (7-12 Months Active),High Margin Driver (40%+),Low Cash / Minor Contributor ($0-$5k),Repeat Purchase,7272,909,908,875,12,8,8.01,559.38,0,6960,1
169,LL Crankset,Components,Cranksets,78,,,Dead Stock (Zero Lifetime Sales),Low-Performer (Lifetime),Unsold Catalog Item,No Sales Activity,Low Cash / Minor Contributor ($0-$5k),No Purchases,0,0,0,0,,,0,0,0,0,0
170,ML Crankset,Components,Cranksets,114,,,Dead Stock (Zero Lifetime Sales),Low-Performer (Lifetime),Unsold Catalog Item,No Sales Activity,Low Cash / Minor Contributor ($0-$5k),No Purchases,0,0,0,0,,,0,0,0,0,0
171,HL Crankset,Components,Cranksets,180,,,Dead Stock (Zero Lifetime Sales),Low-Performer (Lifetime),Unsold Catalog Item,No Sales Activity,Low Cash / Minor Contributor ($0-$5k),No Purchases,0,0,0,0,,,0,0,0,0,0
172,Front Brakes,Components,Brakes,47,,,Dead Stock (Zero Lifetime Sales),Low-Performer (Lifetime),Unsold Catalog Item,No Sales Activity,Low Cash / Minor Contributor ($0-$5k),No Purchases,0,0,0,0,,,0,0,0,0,0
173,Front Derailleur,Components,Derailleurs,41,,,Dead Stock (Zero Lifetime Sales),Low-Performer (Lifetime),Unsold Catalog Item,No Sales Activity,Low Cash / Minor Contributor ($0-$5k),No Purchases,0,0,0,0,,,0,0,0,0,0
174,Fender Set - Mountain,Accessories,Fenders,8,28/01/2014,-1,Active / Fast-Moving,Mid-Range (Lifetime),Extended Run (12+ Months Active),High Margin Driver (40%+),Massive Cash Generator (>$20k),Repeat Purchase,46662,2121,2121,2110,13,22,22,3333,110,44484,403.4
175,LL Mountain Frame - Black- 40,Components,Mountain Frames,137,,,Dead Stock (Zero Lifetime Sales),Low-Performer (Lifetime),Unsold Catalog Item,No Sales Activity,Low Cash / Minor Contributor ($0-$5k),No Purchases,0,0,0,0,,,0,0,0,0,0
176,LL Mountain Frame - Black- 42,Components,Mountain Frames,137,,,Dead Stock (Zero Lifetime Sales),Low-Performer (Lifetime),Unsold Catalog Item,No Sales Activity,Low Cash / Minor Contributor ($0-$5k),No Purchases,0,0,0,0,,,0,0,0,0,0
177,LL Mountain Frame - Black- 44,Components,Mountain Frames,137,,,Dead Stock (Zero Lifetime Sales),Low-Performer (Lifetime),Unsold Catalog Item,No Sales Activity,Low Cash / Minor Contributor ($0-$5k),No Purchases,0,0,0,0,,,0,0,0,0,0
178,LL Mountain Frame - Black- 48,Components,Mountain Frames,137,,,Dead Stock (Zero Lifetime Sales),Low-Performer (Lifetime),Unsold Catalog Item,No Sales Activity,Low Cash / Minor Contributor ($0-$5k),No Purchases,0,0,0,0,,,0,0,0,0,0
179,LL Mountain Frame - Black- 52,Components,Mountain Frames,137,,,Dead Stock (Zero Lifetime Sales),Low-Performer (Lifetime),Unsold Catalog Item,No Sales Activity,Low Cash / Minor Contributor ($0-$5k),No Purchases,0,0,0,0,,,0,0,0,0,0
180,LL Mountain Frame - Silver- 40,Components,Mountain Frames,145,,,Dead Stock (Zero Lifetime Sales),Low-Performer (Lifetime),Unsold Catalog Item,No Sales Activity,Low Cash / Minor Contributor ($0-$5k),No Purchases,0,0,0,0,,,0,0,0,0,0
181,LL Mountain Frame - Silver- 42,Components,Mountain Frames,145,,,Dead Stock (Zero Lifetime Sales),Low-Performer (Lifetime),Unsold Catalog Item,No Sales Activity,Low Cash / Minor Contributor ($0-$5k),No Purchases,0,0,0,0,,,0,0,0,0,0
182,LL Mountain Frame - Silver- 44,Components,Mountain Frames,145,,,Dead Stock (Zero Lifetime Sales),Low-Performer (Lifetime),Unsold Catalog Item,No Sales Activity,Low Cash / Minor Contributor ($0-$5k),No Purchases,0,0,0,0,,,0,0,0,0,0
183,LL Mountain Frame - Silver- 48,Components,Mountain Frames,145,,,Dead Stock (Zero Lifetime Sales),Low-Performer (Lifetime),Unsold Catalog Item,No Sales Activity,Low Cash / Minor Contributor ($0-$5k),No Purchases,0,0,0,0,,,0,0,0,0,0
184,LL Mountain Frame - Silver- 52,Components,Mountain Frames,145,,,Dead Stock (Zero Lifetime Sales),Low-Performer (Lifetime),Unsold Catalog Item,No Sales Activity,Low Cash / Minor Contributor ($0-$5k),No Purchases,0,0,0,0,,,0,0,0,0,0
185,ML Mountain Frame-W - Silver- 38,Components,Mountain Frames,199,,,Dead Stock (Zero Lifetime Sales),Low-Performer (Lifetime),Unsold Catalog Item,No Sales Activity,Low Cash / Minor Contributor ($0-$5k),No Purchases,0,0,0,0,,,0,0,0,0,0
186,ML Mountain Frame-W - Silver- 40,Components,Mountain Frames,199,,,Dead Stock (Zero Lifetime Sales),Low-Performer (Lifetime),Unsold Catalog Item,No Sales Activity,Low Cash / Minor Contributor ($0-$5k),No Purchases,0,0,0,0,,,0,0,0,0,0
187,ML Mountain Frame-W - Silver- 42,Components,Mountain Frames,199,,,Dead Stock (Zero Lifetime Sales),Low-Performer (Lifetime),Unsold Catalog Item,No Sales Activity,Low Cash / Minor Contributor ($0-$5k),No Purchases,0,0,0,0,,,0,0,0,0,0
188,ML Mountain Frame-W - Silver- 46,Components,Mountain Frames,199,,,Dead Stock (Zero Lifetime Sales),Low-Performer (Lifetime),Unsold Catalog Item,No Sales Activity,Low Cash / Minor Contributor ($0-$5k),No Purchases,0,0,0,0,,,0,0,0,0,0
189,HL Mountain Frame - Black- 38,Components,Mountain Frames,739,,,Dead Stock (Zero Lifetime Sales),Low-Performer (Lifetime),Unsold Catalog Item,No Sales Activity,Low Cash / Minor Contributor ($0-$5k),No Purchases,0,0,0,0,,,0,0,0,0,0
190,HL Mountain Frame - Black- 42,Components,Mountain Frames,739,,,Dead Stock (Zero Lifetime Sales),Low-Performer (Lifetime),Unsold Catalog Item,No Sales Activity,Low Cash / Minor Contributor ($0-$5k),No Purchases,0,0,0,0,,,0,0,0,0,0
191,HL Mountain Frame - Black- 46,Components,Mountain Frames,739,,,Dead Stock (Zero Lifetime Sales),Low-Performer (Lifetime),Unsold Catalog Item,No Sales Activity,Low Cash / Minor Contributor ($0-$5k),No Purchases,0,0,0,0,,,0,0,0,0,0
192,HL Mountain Frame - Silver- 38,Components,Mountain Frames,747,,,Dead Stock (Zero Lifetime Sales),Low-Performer (Lifetime),Unsold Catalog Item,No Sales Activity,Low Cash / Minor Contributor ($0-$5k),No Purchases,0,0,0,0,,,0,0,0,0,0
193,HL Mountain Frame - Silver- 42,Components,Mountain Frames,747,,,Dead Stock (Zero Lifetime Sales),Low-Performer (Lifetime),Unsold Catalog Item,No Sales Activity,Low Cash / Minor Contributor ($0-$5k),No Purchases,0,0,0,0,,,0,0,0,0,0
194,HL Mountain Frame - Silver- 46,Components,Mountain Frames,747,,,Dead Stock (Zero Lifetime Sales),Low-Performer (Lifetime),Unsold Catalog Item,No Sales Activity,Low Cash / Minor Contributor ($0-$5k),No Purchases,0,0,0,0,,,0,0,0,0,0
195,LL Road Frame - Black- 44,Components,Road Frames,205,,,Dead Stock (Zero Lifetime Sales),Low-Performer (Lifetime),Unsold Catalog Item,No Sales Activity,Low Cash / Minor Contributor ($0-$5k),No Purchases,0,0,0,0,,,0,0,0,0,0
196,LL Road Frame - Black- 48,Components,Road Frames,205,,,Dead Stock (Zero Lifetime Sales),Low-Performer (Lifetime),Unsold Catalog Item,No Sales Activity,Low Cash / Minor Contributor ($0-$5k),No Purchases,0,0,0,0,,,0,0,0,0,0
197,LL Road Frame - Black- 52,Components,Road Frames,205,,,Dead Stock (Zero Lifetime Sales),Low-Performer (Lifetime),Unsold Catalog Item,No Sales Activity,Low Cash / Minor Contributor ($0-$5k),No Purchases,0,0,0,0,,,0,0,0,0,0
198,LL Road Frame - Black- 58,Components,Road Frames,205,,,Dead Stock (Zero Lifetime Sales),Low-Performer (Lifetime),Unsold Catalog Item,No Sales Activity,Low Cash / Minor Contributor ($0-$5k),No Purchases,0,0,0,0,,,0,0,0,0,0
199,LL Road Frame - Black- 60,Components,Road Frames,205,,,Dead Stock (Zero Lifetime Sales),Low-Performer (Lifetime),Unsold Catalog Item,No Sales Activity,Low Cash / Minor Contributor ($0-$5k),No Purchases,0,0,0,0,,,0,0,0,0,0
200,LL Road Frame - Black- 62,Components,Road Frames,205,,,Dead Stock (Zero Lifetime Sales),Low-Performer (Lifetime),Unsold Catalog Item,No Sales Activity,Low Cash / Minor Contributor ($0-$5k),No Purchases,0,0,0,0,,,0,0,0,0,0
201,ML Road Frame-W - Yellow- 38,Components,Road Frames,361,,,Dead Stock (Zero Lifetime Sales),Low-Performer (Lifetime),Unsold Catalog Item,No Sales Activity,Low Cash / Minor Contributor ($0-$5k),No Purchases,0,0,0,0,,,0,0,0,0,0
202,ML Road Frame-W - Yellow- 40,Components,Road Frames,361,,,Dead Stock (Zero Lifetime Sales),Low-Performer (Lifetime),Unsold Catalog Item,No Sales Activity,Low Cash / Minor Contributor ($0-$5k),No Purchases,0,0,0,0,,,0,0,0,0,0
203,ML Road Frame-W - Yellow- 42,Components,Road Frames,361,,,Dead Stock (Zero Lifetime Sales),Low-Performer (Lifetime),Unsold Catalog Item,No Sales Activity,Low Cash / Minor Contributor ($0-$5k),No Purchases,0,0,0,0,,,0,0,0,0,0
204,ML Road Frame-W - Yellow- 44,Components,Road Frames,361,,,Dead Stock (Zero Lifetime Sales),Low-Performer (Lifetime),Unsold Catalog Item,No Sales Activity,Low Cash / Minor Contributor ($0-$5k),No Purchases,0,0,0,0,,,0,0,0,0,0
205,ML Road Frame-W - Yellow- 48,Components,Road Frames,361,,,Dead Stock (Zero Lifetime Sales),Low-Performer (Lifetime),Unsold Catalog Item,No Sales Activity,Low Cash / Minor Contributor ($0-$5k),No Purchases,0,0,0,0,,,0,0,0,0,0
206,HL Road Frame - Black- 44,Components,Road Frames,869,,,Dead Stock (Zero Lifetime Sales),Low-Performer (Lifetime),Unsold Catalog Item,No Sales Activity,Low Cash / Minor Contributor ($0-$5k),No Purchases,0,0,0,0,,,0,0,0,0,0
207,HL Road Frame - Black- 48,Components,Road Frames,869,,,Dead Stock (Zero Lifetime Sales),Low-Performer (Lifetime),Unsold Catalog Item,No Sales Activity,Low Cash / Minor Contributor ($0-$5k),No Purchases,0,0,0,0,,,0,0,0,0,0
208,HL Road Frame - Black- 52,Components,Road Frames,869,,,Dead Stock (Zero Lifetime Sales),Low-Performer (Lifetime),Unsold Catalog Item,No Sales Activity,Low Cash / Minor Contributor ($0-$5k),No Purchases,0,0,0,0,,,0,0,0,0,0
209,HL Road Frame - Black- 62,Components,Road Frames,869,,,Dead Stock (Zero Lifetime Sales),Low-Performer (Lifetime),Unsold Catalog Item,No Sales Activity,Low Cash / Minor Contributor ($0-$5k),No Purchases,0,0,0,0,,,0,0,0,0,0
210,HL Road Frame - Red- 44,Components,Road Frames,869,,,Dead Stock (Zero Lifetime Sales),Low-Performer (Lifetime),Unsold Catalog Item,No Sales Activity,Low Cash / Minor Contributor ($0-$5k),No Purchases,0,0,0,0,,,0,0,0,0,0
211,HL Road Frame - Red- 48,Components,Road Frames,869,,,Dead Stock (Zero Lifetime Sales),Low-Performer (Lifetime),Unsold Catalog Item,No Sales Activity,Low Cash / Minor Contributor ($0-$5k),No Purchases,0,0,0,0,,,0,0,0,0,0
212,HL Road Frame - Red- 52,Components,Road Frames,869,,,Dead Stock (Zero Lifetime Sales),Low-Performer (Lifetime),Unsold Catalog Item,No Sales Activity,Low Cash / Minor Contributor ($0-$5k),No Purchases,0,0,0,0,,,0,0,0,0,0
213,HL Road Frame - Red- 56,Components,Road Frames,869,,,Dead Stock (Zero Lifetime Sales),Low-Performer (Lifetime),Unsold Catalog Item,No Sales Activity,Low Cash / Minor Contributor ($0-$5k),No Purchases,0,0,0,0,,,0,0,0,0,0
214,HL Road Frame - Red- 62,Components,Road Frames,869,,,Dead Stock (Zero Lifetime Sales),Low-Performer (Lifetime),Unsold Catalog Item,No Sales Activity,Low Cash / Minor Contributor ($0-$5k),No Purchases,0,0,0,0,,,0,0,0,0,0
215,LL Touring Frame - Blue- 44,Components,Touring Frames,200,,,Dead Stock (Zero Lifetime Sales),Low-Performer (Lifetime),Unsold Catalog Item,No Sales Activity,Low Cash / Minor Contributor ($0-$5k),No Purchases,0,0,0,0,,,0,0,0,0,0
216,LL Touring Frame - Blue- 50,Components,Touring Frames,200,,,Dead Stock (Zero Lifetime Sales),Low-Performer (Lifetime),Unsold Catalog Item,No Sales Activity,Low Cash / Minor Contributor ($0-$5k),No Purchases,0,0,0,0,,,0,0,0,0,0
217,LL Touring Frame - Blue- 54,Components,Touring Frames,200,,,Dead Stock (Zero Lifetime Sales),Low-Performer (Lifetime),Unsold Catalog Item,No Sales Activity,Low Cash / Minor Contributor ($0-$5k),No Purchases,0,0,0,0,,,0,0,0,0,0
218,LL Touring Frame - Blue- 58,Components,Touring Frames,200,,,Dead Stock (Zero Lifetime Sales),Low-Performer (Lifetime),Unsold Catalog Item,No Sales Activity,Low Cash / Minor Contributor ($0-$5k),No Purchases,0,0,0,0,,,0,0,0,0,0
219,LL Touring Frame - Blue- 62,Components,Touring Frames,200,,,Dead Stock (Zero Lifetime Sales),Low-Performer (Lifetime),Unsold Catalog Item,No Sales Activity,Low Cash / Minor Contributor ($0-$5k),No Purchases,0,0,0,0,,,0,0,0,0,0
220,LL Touring Frame - Yellow- 44,Components,Touring Frames,200,,,Dead Stock (Zero Lifetime Sales),Low-Performer (Lifetime),Unsold Catalog Item,No Sales Activity,Low Cash / Minor Contributor ($0-$5k),No Purchases,0,0,0,0,,,0,0,0,0,0
221,LL Touring Frame - Yellow- 50,Components,Touring Frames,200,,,Dead Stock (Zero Lifetime Sales),Low-Performer (Lifetime),Unsold Catalog Item,No Sales Activity,Low Cash / Minor Contributor ($0-$5k),No Purchases,0,0,0,0,,,0,0,0,0,0
222,LL Touring Frame - Yellow- 54,Components,Touring Frames,200,,,Dead Stock (Zero Lifetime Sales),Low-Performer (Lifetime),Unsold Catalog Item,No Sales Activity,Low Cash / Minor Contributor ($0-$5k),No Purchases,0,0,0,0,,,0,0,0,0,0
223,LL Touring Frame - Yellow- 58,Components,Touring Frames,200,,,Dead Stock (Zero Lifetime Sales),Low-Performer (Lifetime),Unsold Catalog Item,No Sales Activity,Low Cash / Minor Contributor ($0-$5k),No Purchases,0,0,0,0,,,0,0,0,0,0
224,LL Touring Frame - Yellow- 62,Components,Touring Frames,200,,,Dead Stock (Zero Lifetime Sales),Low-Performer (Lifetime),Unsold Catalog Item,No Sales Activity,Low Cash / Minor Contributor ($0-$5k),No Purchases,0,0,0,0,,,0,0,0,0,0
225,HL Touring Frame - Blue- 46,Components,Touring Frames,602,,,Dead Stock (Zero Lifetime Sales),Low-Performer (Lifetime),Unsold Catalog Item,No Sales Activity,Low Cash / Minor Contributor ($0-$5k),No Purchases,0,0,0,0,,,0,0,0,0,0
226,HL Touring Frame - Blue- 50,Components,Touring Frames,602,,,Dead Stock (Zero Lifetime Sales),Low-Performer (Lifetime),Unsold Catalog Item,No Sales Activity,Low Cash / Minor Contributor ($0-$5k),No Purchases,0,0,0,0,,,0,0,0,0,0
227,HL Touring Frame - Blue- 54,Components,Touring Frames,602,,,Dead Stock (Zero Lifetime Sales),Low-Performer (Lifetime),Unsold Catalog Item,No Sales Activity,Low Cash / Minor Contributor ($0-$5k),No Purchases,0,0,0,0,,,0,0,0,0,0
228,HL Touring Frame - Blue- 60,Components,Touring Frames,602,,,Dead Stock (Zero Lifetime Sales),Low-Performer (Lifetime),Unsold Catalog Item,No Sales Activity,Low Cash / Minor Contributor ($0-$5k),No Purchases,0,0,0,0,,,0,0,0,0,0
229,HL Touring Frame - Yellow- 46,Components,Touring Frames,602,,,Dead Stock (Zero Lifetime Sales),Low-Performer (Lifetime),Unsold Catalog Item,No Sales Activity,Low Cash / Minor Contributor ($0-$5k),No Purchases,0,0,0,0,,,0,0,0,0,0
230,HL Touring Frame - Yellow- 50,Components,Touring Frames,602,,,Dead Stock (Zero Lifetime Sales),Low-Performer (Lifetime),Unsold Catalog Item,No Sales Activity,Low Cash / Minor Contributor ($0-$5k),No Purchases,0,0,0,0,,,0,0,0,0,0
231,HL Touring Frame - Yellow- 54,Components,Touring Frames,602,,,Dead Stock (Zero Lifetime Sales),Low-Performer (Lifetime),Unsold Catalog Item,No Sales Activity,Low Cash / Minor Contributor ($0-$5k),No Purchases,0,0,0,0,,,0,0,0,0,0
232,HL Touring Frame - Yellow- 60,Components,Touring Frames,602,,,Dead Stock (Zero Lifetime Sales),Low-Performer (Lifetime),Unsold Catalog Item,No Sales Activity,Low Cash / Minor Contributor ($0-$5k),No Purchases,0,0,0,0,,,0,0,0,0,0
233,Half-Finger Gloves- L,Clothing,Gloves,9,28/01/2014,-1,Active / Fast-Moving,Mid-Range (Lifetime),Extended Run (12+ Months Active),High Margin Driver (40%+),Steady Cash Contributor ($5k-$20k),Repeat Purchase,10632,443,443,437,13,24,24,759.43,24,10248,426
234,Half-Finger Gloves- M,Clothing,Gloves,9,28/01/2014,-1,Active / Fast-Moving,Mid-Range (Lifetime),Extended Run (12+ Months Active),High Margin Driver (40%+),Steady Cash Contributor ($5k-$20k),Repeat Purchase,11976,499,499,488,13,24,24,855.43,24,11376,473
235,Half-Finger Gloves- S,Clothing,Gloves,9,25/01/2014,-1,Active / Fast-Moving,Mid-Range (Lifetime),Extended Run (12+ Months Active),High Margin Driver (40%+),Steady Cash Contributor ($5k-$20k),Repeat Purchase,11688,487,487,478,13,24,24,834.86,24,11064,460
236,LL Mountain Handlebars,Components,Handlebars,20,,,Dead Stock (Zero Lifetime Sales),Low-Performer (Lifetime),Unsold Catalog Item,No Sales Activity,Low Cash / Minor Contributor ($0-$5k),No Purchases,0,0,0,0,,,0,0,0,0,0
237,ML Mountain Handlebars,Components,Handlebars,27,,,Dead Stock (Zero Lifetime Sales),Low-Performer (Lifetime),Unsold Catalog Item,No Sales Activity,Low Cash / Minor Contributor ($0-$5k),No Purchases,0,0,0,0,,,0,0,0,0,0
238,HL Mountain Handlebars,Components,Handlebars,53,,,Dead Stock (Zero Lifetime Sales),Low-Performer (Lifetime),Unsold Catalog Item,No Sales Activity,Low Cash / Minor Contributor ($0-$5k),No Purchases,0,0,0,0,,,0,0,0,0,0
239,LL Road Handlebars,Components,Handlebars,20,,,Dead Stock (Zero Lifetime Sales),Low-Performer (Lifetime),Unsold Catalog Item,No Sales Activity,Low Cash / Minor Contributor ($0-$5k),No Purchases,0,0,0,0,,,0,0,0,0,0
240,ML Road Handlebars,Components,Handlebars,27,,,Dead Stock (Zero Lifetime Sales),Low-Performer (Lifetime),Unsold Catalog Item,No Sales Activity,Low Cash / Minor Contributor ($0-$5k),No Purchases,0,0,0,0,,,0,0,0,0,0
241,HL Road Handlebars,Components,Handlebars,53,,,Dead Stock (Zero Lifetime Sales),Low-Performer (Lifetime),Unsold Catalog Item,No Sales Activity,Low Cash / Minor Contributor ($0-$5k),No Purchases,0,0,0,0,,,0,0,0,0,0
242,LL Touring Handlebars,Components,Handlebars,20,,,Dead Stock (Zero Lifetime Sales),Low-Performer (Lifetime),Unsold Catalog Item,No Sales Activity,Low Cash / Minor Contributor ($0-$5k),No Purchases,0,0,0,0,,,0,0,0,0,0
243,HL Touring Handlebars,Components,Handlebars,41,,,Dead Stock (Zero Lifetime Sales),Low-Performer (Lifetime),Unsold Catalog Item,No Sales Activity,Low Cash / Minor Contributor ($0-$5k),No Purchases,0,0,0,0,,,0,0,0,0,0
244,Sport-100 Helmet- Black,Accessories,Helmets,13,28/01/2014,-1,Active / Fast-Moving,High-Performer (Lifetime),Extended Run (12+ Months Active),High Margin Driver (40%+),Massive Cash Generator (>$20k),Repeat Purchase,72975,2085,2085,2024,13,35,35,5212.5,210,69895,331.8333
245,Sport-100 Helmet- Blue,Accessories,Helmets,13,28/01/2014,-1,Active / Fast-Moving,High-Performer (Lifetime),Extended Run (12+ Months Active),High Margin Driver (40%+),Massive Cash Generator (>$20k),Repeat Purchase,74375,2125,2124,2049,13,35,35.02,5312.5,350,71050,202
246,Sport-100 Helmet- Red,Accessories,Helmets,13,28/01/2014,-1,Active / Fast-Moving,High-Performer (Lifetime),Extended Run (12+ Months Active),High Margin Driver (40%+),Massive Cash Generator (>$20k),Repeat Purchase,78050,2230,2230,2147,13,35,35,5575,350,75145,213.7
247,Hydration Pack - 70 oz.,Accessories,Hydration Packs,21,28/01/2014,-1,Active / Fast-Moving,Mid-Range (Lifetime),Extended Run (12+ Months Active),High Margin Driver (40%+),Massive Cash Generator (>$20k),Repeat Purchase,40315,733,733,719,13,55,55,2879.64,110,38940,353
248,Long-Sleeve Logo Jersey- L,Clothing,Jerseys,38,28/01/2014,-1,Active / Fast-Moving,Mid-Range (Lifetime),Extended Run (12+ Months Active),Stable Margin Core (15%-40%),Steady Cash Contributor ($5k-$20k),Repeat Purchase,22650,453,452,449,13,50,50.11,1617.86,150,21550,142.6667
249,Long-Sleeve Logo Jersey- M,Clothing,Jerseys,38,28/01/2014,-1,Active / Fast-Moving,Mid-Range (Lifetime),Extended Run (12+ Months Active),Stable Margin Core (15%-40%),Steady Cash Contributor ($5k-$20k),Repeat Purchase,22100,442,442,436,13,50,50,1578.57,50,20850,416
250,Long-Sleeve Logo Jersey- S,Clothing,Jerseys,38,28/01/2014,-1,Active / Fast-Moving,Mid-Range (Lifetime),Standard Run (7-12 Months Active),Stable Margin Core (15%-40%),Steady Cash Contributor ($5k-$20k),Repeat Purchase,21450,429,429,426,12,50,50,1650,0,20350,1
251,Long-Sleeve Logo Jersey- XL,Clothing,Jerseys,38,28/01/2014,-1,Active / Fast-Moving,Mid-Range (Lifetime),Standard Run (7-12 Months Active),Stable Margin Core (15%-40%),Low Cash / Minor Contributor ($0-$5k),Repeat Purchase,20700,414,413,409,12,50,50.12,1592.31,0,19850,1
252,LL Mountain Pedal,Unassigned,Unassigned,18,,,Dead Stock (Zero Lifetime Sales),Low-Performer (Lifetime),Unsold Catalog Item,No Sales Activity,Low Cash / Minor Contributor ($0-$5k),No Purchases,0,0,0,0,,,0,0,0,0,0
253,ML Mountain Pedal,Unassigned,Unassigned,28,,,Dead Stock (Zero Lifetime Sales),Low-Performer (Lifetime),Unsold Catalog Item,No Sales Activity,Low Cash / Minor Contributor ($0-$5k),No Purchases,0,0,0,0,,,0,0,0,0,0
254,HL Mountain Pedal,Unassigned,Unassigned,36,,,Dead Stock (Zero Lifetime Sales),Low-Performer (Lifetime),Unsold Catalog Item,No Sales Activity,Low Cash / Minor Contributor ($0-$5k),No Purchases,0,0,0,0,,,0,0,0,0,0
255,LL Road Pedal,Unassigned,Unassigned,18,,,Dead Stock (Zero Lifetime Sales),Low-Performer (Lifetime),Unsold Catalog Item,No Sales Activity,Low Cash / Minor Contributor ($0-$5k),No Purchases,0,0,0,0,,,0,0,0,0,0
256,ML Road Pedal,Unassigned,Unassigned,28,,,Dead Stock (Zero Lifetime Sales),Low-Performer (Lifetime),Unsold Catalog Item,No Sales Activity,Low Cash / Minor Contributor ($0-$5k),No Purchases,0,0,0,0,,,0,0,0,0,0
257,HL Road Pedal,Unassigned,Unassigned,36,,,Dead Stock (Zero Lifetime Sales),Low-Performer (Lifetime),Unsold Catalog Item,No Sales Activity,Low Cash / Minor Contributor ($0-$5k),No Purchases,0,0,0,0,,,0,0,0,0,0
258,Touring Pedal,Unassigned,Unassigned,36,,,Dead Stock (Zero Lifetime Sales),Low-Performer (Lifetime),Unsold Catalog Item,No Sales Activity,Low Cash / Minor Contributor ($0-$5k),No Purchases,0,0,0,0,,,0,0,0,0,0
259,Patch Kit/8 Patches,Accessories,Tires and Tubes,1,28/01/2014,-1,Active / Fast-Moving,Low-Performer (Lifetime),Extended Run (12+ Months Active),High Margin Driver (40%+),Low Cash / Minor Contributor ($0-$5k),Repeat Purchase,6378,3189,3189,2948,13,2,2,455.57,8,6048,755
260,Hitch Rack - 4-Bike,Accessories,Bike Racks,45,28/01/2014,-1,Active / Fast-Moving,Mid-Range (Lifetime),Standard Run (7-12 Months Active),High Margin Driver (40%+),Massive Cash Generator (>$20k),Repeat Purchase,39240,327,327,324,12,120,120,3018.46,0,36840,1
261,Rear Brakes,Components,Brakes,47,,,Dead Stock (Zero Lifetime Sales),Low-Performer (Lifetime),Unsold Catalog Item,No Sales Activity,Low Cash / Minor Contributor ($0-$5k),No Purchases,0,0,0,0,,,0,0,0,0,0
262,Rear Derailleur,Components,Derailleurs,54,,,Dead Stock (Zero Lifetime Sales),Low-Performer (Lifetime),Unsold Catalog Item,No Sales Activity,Low Cash / Minor Contributor ($0-$5k),No Purchases,0,0,0,0,,,0,0,0,0,0
263,LL Mountain Seat/Saddle,Components,Saddles,12,,,Dead Stock (Zero Lifetime Sales),Low-Performer (Lifetime),Unsold Catalog Item,No Sales Activity,Low Cash / Minor Contributor ($0-$5k),No Purchases,0,0,0,0,,,0,0,0,0,0
264,ML Mountain Seat/Saddle,Components,Saddles,17,,,Dead Stock (Zero Lifetime Sales),Low-Performer (Lifetime),Unsold Catalog Item,No Sales Activity,Low Cash / Minor Contributor ($0-$5k),No Purchases,0,0,0,0,,,0,0,0,0,0
265,HL Mountain Seat/Saddle,Components,Saddles,23,,,Dead Stock (Zero Lifetime Sales),Low-Performer (Lifetime),Unsold Catalog Item,No Sales Activity,Low Cash / Minor Contributor ($0-$5k),No Purchases,0,0,0,0,,,0,0,0,0,0
266,LL Road Seat/Saddle,Components,Saddles,12,,,Dead Stock (Zero Lifetime Sales),Low-Performer (Lifetime),Unsold Catalog Item,No Sales Activity,Low Cash / Minor Contributor ($0-$5k),No Purchases,0,0,0,0,,,0,0,0,0,0
267,ML Road Seat/Saddle,Components,Saddles,17,,,Dead Stock (Zero Lifetime Sales),Low-Performer (Lifetime),Unsold Catalog Item,No Sales Activity,Low Cash / Minor Contributor ($0-$5k),No Purchases,0,0,0,0,,,0,0,0,0,0
268,HL Road Seat/Saddle,Components,Saddles,23,,,Dead Stock (Zero Lifetime Sales),Low-Performer (Lifetime),Unsold Catalog Item,No Sales Activity,Low Cash / Minor Contributor ($0-$5k),No Purchases,0,0,0,0,,,0,0,0,0,0
269,LL Touring Seat/Saddle,Components,Saddles,12,,,Dead Stock (Zero Lifetime Sales),Low-Performer (Lifetime),Unsold Catalog Item,No Sales Activity,Low Cash / Minor Contributor ($0-$5k),No Purchases,0,0,0,0,,,0,0,0,0,0
270,ML Touring Seat/Saddle,Components,Saddles,17,,,Dead Stock (Zero Lifetime Sales),Low-Performer (Lifetime),Unsold Catalog Item,No Sales Activity,Low Cash / Minor Contributor ($0-$5k),No Purchases,0,0,0,0,,,0,0,0,0,0
271,HL Touring Seat/Saddle,Components,Saddles,23,,,Dead Stock (Zero Lifetime Sales),Low-Performer (Lifetime),Unsold Catalog Item,No Sales Activity,Low Cash / Minor Contributor ($0-$5k),No Purchases,0,0,0,0,,,0,0,0,0,0
272,Women's Mountain Shorts- L,Clothing,Shorts,26,28/01/2014,-1,Active / Fast-Moving,Mid-Range (Lifetime),Standard Run (7-12 Months Active),High Margin Driver (40%+),Steady Cash Contributor ($5k-$20k),Repeat Purchase,25410,363,363,363,12,70,70,1954.62,0,23800,1
273,Women's Mountain Shorts- M,Clothing,Shorts,26,26/01/2014,-1,Active / Fast-Moving,Mid-Range (Lifetime),Standard Run (7-12 Months Active),High Margin Driver (40%+),Steady Cash Contributor ($5k-$20k),Repeat Purchase,24640,352,352,352,12,70,70,1895.38,0,23380,1
274,Women's Mountain Shorts- S,Clothing,Shorts,26,28/01/2014,-1,Active / Fast-Moving,Mid-Range (Lifetime),Standard Run (7-12 Months Active),High Margin Driver (40%+),Steady Cash Contributor ($5k-$20k),Repeat Purchase,21280,304,304,304,12,70,70,1636.92,0,20230,1
275,Short-Sleeve Classic Jersey- L,Clothing,Jerseys,42,26/01/2014,-1,Active / Fast-Moving,Mid-Range (Lifetime),Extended Run (12+ Months Active),Stable Margin Core (15%-40%),Low Cash / Minor Contributor ($0-$5k),Repeat Purchase,20196,374,374,372,13,54,54,1442.57,108,19764,182
276,Short-Sleeve Classic Jersey- M,Clothing,Jerseys,42,27/01/2014,-1,Active / Fast-Moving,Mid-Range (Lifetime),Extended Run (12+ Months Active),Stable Margin Core (15%-40%),Low Cash / Minor Contributor ($0-$5k),Repeat Purchase,21978,407,407,404,13,54,54,1569.86,54,20790,384
277,Short-Sleeve Classic Jersey- S,Clothing,Jerseys,42,28/01/2014,-1,Active / Fast-Moving,Mid-Range (Lifetime),Extended Run (12+ Months Active),Stable Margin Core (15%-40%),Low Cash / Minor Contributor ($0-$5k),Repeat Purchase,21924,406,406,402,13,54,54,1566,54,21384,395
278,Short-Sleeve Classic Jersey- XL,Clothing,Jerseys,42,28/01/2014,-1,Active / Fast-Moving,Mid-Range (Lifetime),Standard Run (7-12 Months Active),Stable Margin Core (15%-40%),Low Cash / Minor Contributor ($0-$5k),Repeat Purchase,22086,409,409,405,12,54,54,1698.92,0,21168,1
279,Racing Socks- L,Clothing,Socks,3,27/01/2014,-1,Active / Fast-Moving,Low-Performer (Lifetime),Extended Run (12+ Months Active),High Margin Driver (40%+),Low Cash / Minor Contributor ($0-$5k),Repeat Purchase,2430,270,270,269,13,9,9,173.57,18,2340,129
280,Racing Socks- M,Clothing,Socks,3,28/01/2014,-1,Active / Fast-Moving,Low-Performer (Lifetime),Standard Run (7-12 Months Active),High Margin Driver (40%+),Low Cash / Minor Contributor ($0-$5k),Repeat Purchase,2682,298,298,295,12,9,9,206.31,0,2529,1
281,All-Purpose Bike Stand,Accessories,Bike Stands,59,28/01/2014,-1,Active / Fast-Moving,Mid-Range (Lifetime),Extended Run (12+ Months Active),High Margin Driver (40%+),Massive Cash Generator (>$20k),Repeat Purchase,39591,249,249,243,13,159,159,2827.93,159,37683,236
282,LL Mountain Tire,Accessories,Tires and Tubes,9,28/01/2014,-1,Active / Fast-Moving,Mid-Range (Lifetime),Standard Run (7-12 Months Active),High Margin Driver (40%+),Steady Cash Contributor ($5k-$20k),Repeat Purchase,21550,862,860,828,12,25,25.06,1657.69,0,20125,1
283,ML Mountain Tire,Accessories,Tires and Tubes,11,28/01/2014,-1,Active / Fast-Moving,Mid-Range (Lifetime),Extended Run (12+ Months Active),High Margin Driver (40%+),Massive Cash Generator (>$20k),Repeat Purchase,34800,1160,1160,1160,13,30,30,2485.71,30,32580,1085
284,HL Mountain Tire,Accessories,Tires and Tubes,13,28/01/2014,-1,Active / Fast-Moving,Mid-Range (Lifetime),Extended Run (12+ Months Active),High Margin Driver (40%+),Massive Cash Generator (>$20k),Repeat Purchase,48860,1396,1395,1395,13,35,35.03,3490,140,46935,334.25
285,LL Road Tire,Accessories,Tires and Tubes,8,28/01/2014,-1,Active / Fast-Moving,Mid-Range (Lifetime),Extended Run (12+ Months Active),High Margin Driver (40%+),Steady Cash Contributor ($5k-$20k),Repeat Purchase,21903,1043,1043,1029,13,21,21,1564.5,105,20622,195.4
286,ML Road Tire,Accessories,Tires and Tubes,9,28/01/2014,-1,Active / Fast-Moving,Mid-Range (Lifetime),Extended Run (12+ Months Active),High Margin Driver (40%+),Steady Cash Contributor ($5k-$20k),Repeat Purchase,23125,925,925,890,13,25,25,1651.79,50,22275,444.5
287,HL Road Tire,Accessories,Tires and Tubes,12,28/01/2014,-1,Active / Fast-Moving,Mid-Range (Lifetime),Extended Run (12+ Months Active),High Margin Driver (40%+),Steady Cash Contributor ($5k-$20k),Repeat Purchase,28314,858,858,820,13,33,33,2022.43,132,26532,200
288,Touring Tire,Accessories,Tires and Tubes,11,25/01/2014,-1,Active / Fast-Moving,Mid-Range (Lifetime),Extended Run (12+ Months Active),High Margin Driver (40%+),Steady Cash Contributor ($5k-$20k),Repeat Purchase,27115,935,935,920,13,29,29,1936.79,58,25607,440.5
289,Mountain Tire Tube,Accessories,Tires and Tubes,2,28/01/2014,-1,Active / Fast-Moving,Mid-Range (Lifetime),Extended Run (12+ Months Active),High Margin Driver (40%+),Steady Cash Contributor ($5k-$20k),Repeat Purchase,15465,3093,3092,2958,13,5,5,1104.64,15,14620,973.6667
290,Road Tire Tube,Accessories,Tires and Tubes,1,28/01/2014,-1,Active / Fast-Moving,Low-Performer (Lifetime),Extended Run (12+ Months Active),High Margin Driver (40%+),Steady Cash Contributor ($5k-$20k),Repeat Purchase,9500,2375,2375,2225,13,4,4,678.57,28,8888,316.4286
291,Touring Tire Tube,Accessories,Tires and Tubes,2,28/01/2014,-1,Active / Fast-Moving,Low-Performer (Lifetime),Extended Run (12+ Months Active),High Margin Driver (40%+),Low Cash / Minor Contributor ($0-$5k),Repeat Purchase,7435,1487,1487,1410,13,5,5,531.07,10,7010,700
292,Classic Vest- L,Clothing,Vests,24,28/01/2014,-1,Active / Fast-Moving,Mid-Range (Lifetime),Standard Run (7-12 Months Active),High Margin Driver (40%+),Steady Cash Contributor ($5k-$20k),Repeat Purchase,12480,195,195,195,12,64,64,960,0,11968,1
293,Classic Vest- M,Clothing,Vests,24,27/01/2014,-1,Active / Fast-Moving,Mid-Range (Lifetime),Standard Run (7-12 Months Active),High Margin Driver (40%+),Steady Cash Contributor ($5k-$20k),Repeat Purchase,12736,199,199,199,12,64,64,979.69,0,11840,1
294,Classic Vest- S,Clothing,Vests,24,28/01/2014,-1,Active / Fast-Moving,Mid-Range (Lifetime),Extended Run (12+ Months Active),High Margin Driver (40%+),Steady Cash Contributor ($5k-$20k),Repeat Purchase,10944,171,168,168,13,64,65.14,781.71,64,10368,161
295,Water Bottle - 30 oz.,Accessories,Bottles and Cages,2,28/01/2014,-1,Active / Fast-Moving,Mid-Range (Lifetime),Extended Run (12+ Months Active),High Margin Driver (40%+),Steady Cash Contributor ($5k-$20k),Repeat Purchase,21245,4249,4244,4073,13,5,5.01,1517.5,90,20425,225.9444
